{
  "layers": [
    "text",
    "transitions",
    "obstacles",
    "structures",
    "pathway",
    "base"
  ],
  "styles": [
    "defaultstyle/style.mss",
    "palette.mss",
    "zooms.mss",
    "layers.mss"
  ],
  "nutiparameters": {
    "use_3d": {
      "default": false
    },
    "selected_entity_id_regex": {
      "default": ""
    },
    "lang": {
      "default": "en"
    },
    "fallback_lang": {
      "default": "en"
    },
    "hidden_id_regex": {
      "default": ""
    },
    "custom_highlight_entity_id_regex_1": {
      "default": ""
    },
    "custom_highlight_color_1": {
      "default": ""
    },
    "custom_highlight_entity_id_regex_2": {
      "default": ""
    },
    "custom_highlight_color_2": {
      "default": ""
    },
    "custom_highlight_entity_id_regex_3": {
      "default": ""
    },
    "custom_highlight_color_3": {
      "default": ""
    },
    "custom_highlight_entity_id_regex_4": {
      "default": ""
    },
    "custom_highlight_color_4": {
      "default": ""
    },
    "custom_highlight_entity_id_regex_5": {
      "default": ""
    },
    "custom_highlight_color_5": {
      "default": ""
    }
  }
}
